COMBINATION	SVTYPE	FUNCTION	COUNT	MEDIAN_LEN_BP	TOP_CHROMS	EXAMPLE_LOCI
HG00512=NA|HG00513=ALT|HG00514=NA	DEL	sequence_loss (coarse)	1	854	.	chr18:71411017-71411871
HG00512=REF|HG00513=REF|HG00514=NA	INS	sequence_gain (coarse)	1	16	.	chr16:24533946-24533947
HG00512=ALT|HG00513=ALT|HG00514=ALT	INS	sequence_gain (coarse)	1284	22	.	chr1:4413893-4413894; chr1:4539843-4539844; chr1:4729585-4729586; chr1:6897473-6897474; chr1:14119923-14119924
HG00512=ALT|HG00513=REF|HG00514=ALT	DEL	sequence_loss (coarse)	885	36	.	chr1:1207339-1207761; chr1:3619599-3619632; chr1:5199085-5199131; chr1:6798594-6798773; chr1:7510013-7511464
HG00512=ALT|HG00513=ALT|HG00514=NA	DEL	sequence_loss (coarse)	3	764	.	chr1:831063-833733; chr16:89429186-89429950; chr19:2910680-2910823
HG00512=ALT|HG00513=REF|HG00514=REF	DUP	copy_gain (coarse)	10	2122.5	.	chr1:153071218-153094204; chr3:194822581-194825700; chr7:47669121-47669931; chr7:97773328-97791166; chr7:138678828-138680458
HG00512=REF|HG00513=REF|HG00514=REF	DUP	copy_gain (coarse)	106	2724.5	.	chr1:1494252-1494720; chr1:13229901-13376236; chr1:15071430-15086145; chr1:200284485-200286096; chr1:248752492-248753260
HG00512=NA|HG00513=REF|HG00514=REF	DEL	sequence_loss (coarse)	7	354	.	chr1:1288339-1290019; chr6:31310863-31310883; chr16:23749065-23750943; chr17:3143235-3143589; chr19:44800859-44801949
HG00512=NA|HG00513=REF|HG00514=ALT	DEL	sequence_loss (coarse)	1	406	.	chrX:94461765-94462171
HG00512=REF|HG00513=ALT|HG00514=NA	INS	sequence_gain (coarse)	1	16	.	chr10:84266713-84266714
HG00512=REF|HG00513=NA|HG00514=REF	INS	sequence_gain (coarse)	1	17	.	chr4:168816414-168816415
HG00512=ALT|HG00513=REF|HG00514=NA	DEL	sequence_loss (coarse)	2	2410.5	.	chr3:125953468-125957534; chr3:147888699-147889454
HG00512=ALT|HG00513=REF|HG00514=REF	INS	sequence_gain (coarse)	303	23	.	chr1:3104581-3104582; chr1:4663698-4663699; chr1:10986123-10986124; chr1:37365408-37365409; chr1:39480077-39480078
HG00512=REF|HG00513=NA|HG00514=ALT	INS	sequence_gain (coarse)	2	34	.	chr5:73127384-73127385; chr20:3428773-3428774
HG00512=ALT|HG00513=REF|HG00514=ALT	INS	sequence_gain (coarse)	487	22	.	chr1:6852986-6852987; chr1:15192249-15192250; chr1:20608410-20608411; chr1:31286022-31286023; chr1:47356603-47356604
HG00512=REF|HG00513=ALT|HG00514=ALT	DUP	copy_gain (coarse)	16	1045	.	chr2:117567969-117568795; chr3:66074255-66074861; chr4:178005725-178006241; chr6:118940826-118941153; chr7:2514731-2515222
HG00512=REF|HG00513=ALT|HG00514=REF	DUP	copy_gain (coarse)	13	4233	.	chr1:69958587-69962820; chr1:107459283-107465664; chr2:79103048-79116628; chr2:115776073-115918921; chr5:137856778-138124574
HG00512=ALT|HG00513=ALT|HG00514=ALT	DUP	copy_gain (coarse)	15	853	.	chr1:56530358-56530671; chr1:77010711-77011040; chr1:86611798-86631252; chr2:89774747-89781584; chr2:119525207-119525568
HG00512=REF|HG00513=ALT|HG00514=ALT	DEL	sequence_loss (coarse)	897	33	.	chr1:1248054-1248318; chr1:1663380-1663400; chr1:8443875-8443891; chr1:13527705-13527881; chr1:24193858-24197184
HG00512=ALT|HG00513=NA|HG00514=ALT	DEL	sequence_loss (coarse)	5	1568	.	chr1:109687520-109712001; chr7:76977856-76978128; chr10:736906-738474; chr15:67575938-67577114; chr16:8057637-8060308
HG00512=ALT|HG00513=ALT|HG00514=REF	DEL	sequence_loss (coarse)	211	33	.	chr1:28901201-28901363; chr1:52638301-52638342; chr1:66228896-66228958; chr1:69296633-69296657; chr1:69614581-69614598
HG00512=REF|HG00513=REF|HG00514=NA	DEL	sequence_loss (coarse)	4	575	.	chr6:38144172-38144223; chr6:167385512-167386800; chr7:35559920-35559963; chr10:132771726-132772825
HG00512=REF|HG00513=ALT|HG00514=REF	INS	sequence_gain (coarse)	301	22	.	chr1:5691770-5691771; chr1:15206627-15206628; chr1:30228483-30228484; chr1:43081355-43081356; chr1:54625173-54625174
HG00512=ALT|HG00513=ALT|HG00514=ALT	DEL	sequence_loss (coarse)	1567	43	.	chr1:1934923-1935585; chr1:1937841-1937873; chr1:4616436-4616582; chr1:4724670-4724703; chr1:5318225-5318241
HG00512=REF|HG00513=REF|HG00514=REF	DEL	sequence_loss (coarse)	6766	33	.	chr1:1003329-1003349; chr1:1109108-1109140; chr1:1149611-1149693; chr1:1151437-1151644; chr1:2093115-2095946
HG00512=ALT|HG00513=ALT|HG00514=NA	INS	sequence_gain (coarse)	1	38	.	chrX:144936414-144936415
HG00512=REF|HG00513=REF|HG00514=ALT	DEL	sequence_loss (coarse)	4	1755	.	chr7:57981233-57982205; chr13:105744786-105747125; chr14:105745717-105859942; chr22:24316368-24317539
HG00512=REF|HG00513=ALT|HG00514=ALT	INS	sequence_gain (coarse)	510	22	.	chr1:3450787-3450788; chr1:7886046-7886047; chr1:11302316-11302317; chr1:13588980-13588981; chr1:19564672-19564673
HG00512=REF|HG00513=ALT|HG00514=NA	DEL	sequence_loss (coarse)	3	1370	.	chr5:2490495-2491006; chr6:32547117-32548487; chr10:42206103-42221343
HG00512=NA|HG00513=NA|HG00514=ALT	INS	sequence_gain (coarse)	1	16	.	chr2:37037145-37037146
HG00512=ALT|HG00513=ALT|HG00514=REF	INS	sequence_gain (coarse)	159	20	.	chr1:24738267-24738268; chr1:78202548-78202549; chr1:121142207-121142208; chr1:189830132-189830133; chr1:200927346-200927347
HG00512=ALT|HG00513=REF|HG00514=REF	DEL	sequence_loss (coarse)	724	38.5	.	chr1:2046556-2046597; chr1:3002467-3002803; chr1:3585036-3585255; chr1:6403989-6404005; chr1:7499351-7500095
HG00512=REF|HG00513=REF|HG00514=REF	INS	sequence_gain (coarse)	2264	24	.	chr1:851703-851704; chr1:1096357-1096358; chr1:1263116-1263117; chr1:1852137-1852138; chr1:2430625-2430626
HG00512=ALT|HG00513=REF|HG00514=ALT	DUP	copy_gain (coarse)	13	3843	.	chr11:35222309-35237978; chr11:46721211-46722045; chr12:123425273-123429443; chr14:106260387-106270998; chr16:34704420-34716710
HG00512=NA|HG00513=REF|HG00514=NA	DEL	sequence_loss (coarse)	1	4917	.	chr6:32675284-32680201
HG00512=NA|HG00513=ALT|HG00514=ALT	DEL	sequence_loss (coarse)	3	13098	.	chr7:47662762-47662803; chr12:33232234-33245332; chr17:36088877-36195492
HG00512=REF|HG00513=NA|HG00514=REF	DEL	sequence_loss (coarse)	6	1953.5	.	chr3:189356573-189356614; chr4:170355539-170356638; chr12:132692993-132694961; chr17:82974943-82976882; chr21:9012415-9015176
HG00512=REF|HG00513=ALT|HG00514=REF	DEL	sequence_loss (coarse)	733	40	.	chr1:2921269-2921338; chr1:3697146-3697183; chr1:9786596-9796609; chr1:12533380-12533397; chr1:12723864-12723891
